prompt,response
Hi,"Hey, How can I help you today?"
hi, "Hello! How are you doing today?"
Hello,"Hey, How can I help you today?"
Hey,"Hi, What's on your mind?"
What is mental health?,"Mental health refers to a person's emotional, psychological, and social well-being."
Why is mental health important?,"Mental health is crucial for overall health and quality of life, impacting how individuals think, feel, and behave. For more details watch this: https://youtu.be/GqaHQeW7GrA?si=neB7qJZ0PaF-LyOq"
What are common signs of mental health issues?,"Common signs include changes in mood, sleep patterns, energy levels, and social withdrawal."
How can one maintain good mental health?,"Practices like regular exercise, healthy diet, adequate sleep, and stress management contribute to good mental health."
What is stigma in mental health?,Stigma refers to negative attitudes and beliefs that contribute to discrimination against individuals with mental health conditions.
Are mental health conditions treatable?,"Yes, many mental health conditions are treatable with therapy, medication, or a combination of both."
What is the role of social support in mental health?,"Social support from friends, family, and community can play a significant role in promoting mental well-being."
Can stress impact mental health?,"Yes, chronic stress can contribute to the development or exacerbation of mental health conditions."
How does exercise benefit mental health?,"Exercise releases endorphins, reduces stress hormones, and improves mood, contributing to better mental health."
Is it common to experience mental health challenges?,"Yes, mental health challenges are common, affecting people of all ages, backgrounds, and walks of life."
"What is mindfulness, and how does it relate to mental health?",Mindfulness involves staying present in the moment and can help reduce stress and improve mental well-being.
Can mental health be affected by environmental factors?,"Yes, environmental factors like trauma, living conditions, and access to resources can impact mental health."
Are there specific risk factors for mental health issues?,"Risk factors include genetics, family history, childhood experiences, and exposure to trauma."
Can mental health conditions affect physical health?,"Yes, mental health and physical health are interconnected, with one influencing the other."
How does sleep impact mental health?,"Adequate sleep is crucial for mental well-being, as sleep disturbances can contribute to mood disorders."
What is the importance of seeking professional help for mental health concerns?,"Professional help, such as therapy or counseling, is crucial for diagnosing and treating mental health conditions."
Can lifestyle choices affect mental health?,"Yes, lifestyle choices like substance use, diet, and exercise can impact mental health outcomes."
How can workplaces contribute to mental health awareness?,"Workplaces can promote mental health by fostering a supportive environment, providing resources, and reducing stigma."
Is self-care important for mental health?,"Yes, practicing self-care, including activities that bring joy and relaxation, is vital for maintaining good mental health."
Can mental health conditions improve with time and treatment?,"With appropriate treatment and support, many individuals with mental health conditions can experience improvement and recovery over time."
How does social media impact mental health?,"Social media can influence mental health by affecting self-esteem, social comparison, and exposure to cyberbullying."
Can childhood experiences affect mental health in adulthood?,"Yes, adverse childhood experiences may impact mental health in adulthood, increasing the risk of mental health conditions."
What is the relationship between genetics and mental health?,"Genetics can contribute to the risk of developing mental health conditions, but environmental factors also play a significant role."
How does nutrition affect mental health?,"Nutrient-rich diets, including omega-3 fatty acids and antioxidants, can positively impact mental health and cognitive function."
Is there a connection between sleep disorders and mental health?,"Sleep disorders can contribute to mental health issues, and addressing sleep problems may improve mental well-being."
Can traumatic events lead to post-traumatic stress disorder (PTSD)?,"Yes, exposure to traumatic events can trigger PTSD, characterized by persistent distressing symptoms."
How does substance abuse affect mental health?,"Substance abuse can exacerbate or contribute to mental health issues, leading to a complex interplay between substance use and mental well-being."
What role do hormones play in mental health?,"Hormones, such as cortisol and serotonin, influence mood and stress responses, contributing to mental health outcomes."
Can chronic illnesses impact mental health?,"Chronic illnesses may affect mental health, leading to conditions like depression or anxiety, often requiring integrated care."
How do cultural factors influence perceptions of mental health?,"Cultural factors shape how mental health is perceived, influencing help-seeking behaviors and stigmatization within different communities."
What is the impact of early intervention in mental health?,"Early intervention can prevent the worsening of mental health conditions, improving long-term outcomes and reducing the impact on individuals."
How can expressive arts therapies support mental health?,"Expressive arts therapies, such as art or music therapy, can provide creative outlets for emotional expression and contribute to mental well-being."
What is the role of resilience in mental health?,"Resilience, the ability to bounce back from adversity, is crucial for maintaining mental health and coping with life's challenges."
Can personality traits influence mental health outcomes?,"Certain personality traits may be associated with vulnerability or resilience to mental health challenges, impacting how individuals cope with stress."
How do economic factors contribute to mental health disparities?,"Economic factors, such as income inequality and lack of access to resources, can contribute to mental health disparities within populations."
What impact can a supportive community have on mental health?,"Supportive communities foster a sense of belonging and can provide valuable resources, positively influencing mental health outcomes."
How does age play a role in mental health?,"Mental health needs and challenges can vary across different life stages, with age influencing the prevalence of certain mental health issues."
"Can technology, such as mental health apps, support well-being?","Mental health apps can provide tools for self-care, mindfulness, and tracking mood, offering additional support for maintaining well-being."
What is the relationship between physical activity and mental health?,"Regular physical activity is associated with improved mental health, as it enhances mood, reduces stress, and supports cognitive function."
Can pets positively impact mental health?,"Yes, the companionship of pets has been shown to reduce stress, loneliness, and contribute to improved mental well-being."
How does social isolation affect mental health?,"Social isolation can lead to feelings of loneliness and negatively impact mental health, emphasizing the importance of social connections."
What is the impact of workplace stress on mental health?,"Workplace stress can contribute to mental health issues, highlighting the need for supportive work environments and stress management strategies."
How do gender roles influence mental health experiences?,"Gender roles can shape mental health experiences, with societal expectations influencing how individuals express and cope with emotional challenges."
Can spirituality or religious practices impact mental health?,"Spirituality and religious practices may provide a source of comfort, support, and resilience, positively influencing mental health outcomes."
What role does therapy play in managing mental health conditions?,"Therapy, such as cognitive-behavioral therapy (CBT) or psychotherapy, can be effective in managing and improving mental health conditions."
How does access to mental health care vary globally?,"Access to mental health care varies globally, with disparities in resources, stigma, and cultural attitudes impacting mental health services."
What is the impact of discrimination on mental health?,"Discrimination can contribute to mental health disparities, negatively affecting the well-being of individuals who experience prejudice or bias."
Can volunteering and altruism positively impact mental health?,Engaging in volunteering and altruistic activities can foster a sense of purpose and contribute to improved mental well-being.
How does laughter contribute to mental health?,"Laughter has positive effects on mental health, promoting relaxation, reducing stress hormones, and improving mood."
How can academic stress impact mental health?,Academic stress can contribute to anxiety and depression; effective coping strategies are crucial for maintaining mental well-being.
Can a lack of work-life balance affect mental health?,"Yes, an imbalance between work and personal life can lead to stress and negatively impact mental health; achieving balance is crucial."
What is the role of neurotransmitters in mental health?,"Neurotransmitters, such as serotonin and dopamine, play a key role in regulating mood and are implicated in mental health disorders."
Can a traumatic event result in acute stress disorder?,"Yes, exposure to a traumatic event may lead to acute stress disorder, characterized by severe anxiety and dissociation shortly after the event."
How does loneliness contribute to mental health challenges?,"Loneliness is associated with increased risk of mental health issues, highlighting the importance of social connections for well-being."
What is the impact of financial instability on mental health?,"Financial instability can contribute to stress and anxiety, affecting mental health; financial literacy and support are crucial in such situations."
How does the media portrayal of mental health impact public perception?,"Media portrayals can perpetuate stereotypes and stigma, influencing public attitudes toward mental health; accurate depictions are essential."
Can a lack of sleep contribute to the onset of mental health issues?,"Sleep deprivation can affect mood, cognitive function, and increase the risk of mental health disorders, emphasizing the importance of quality sleep."
How do personality disorders differ from other mental health conditions?,"Personality disorders involve enduring patterns of behavior, cognition, and inner experience that deviate from cultural expectations, distinguishing them from other mental health conditions."
What is the role of genetics in predisposing individuals to mental health conditions?,"Genetic factors contribute to susceptibility to mental health conditions, interacting with environmental influences; understanding these factors aids in prevention and treatment."
How does the environment in childhood impact mental health in adulthood?,"Early environmental factors, such as childhood trauma or a nurturing environment, can influence mental health outcomes in adulthood."
What is the impact of mindfulness meditation on mental health?,"Mindfulness meditation practices can enhance mental well-being by promoting present-moment awareness, reducing stress, and improving emotional regulation."
Can cognitive distortions contribute to mental health challenges?,Cognitive distortions involve skewed thought patterns that contribute to negative emotions; addressing these distortions is a focus in cognitive-behavioral therapy.
How can peer support groups benefit individuals facing mental health challenges?,"Peer support groups provide a sense of understanding, validation, and shared experiences, promoting a supportive community for individuals facing mental health challenges."
What is the link between chronic pain and mental health?,"Chronic pain can contribute to mental health issues, including depression and anxiety; managing pain and addressing mental health simultaneously is crucial."
How do cultural backgrounds influence the expression of mental health symptoms?,"Cultural backgrounds influence how individuals express and interpret mental health symptoms, impacting the recognition and treatment of disorders."
Can trauma-informed care improve mental health treatment outcomes?,"Trauma-informed care recognizes the impact of trauma on individuals and adapts treatment approaches, improving outcomes and fostering a safe therapeutic environment."
How does the societal perception of masculinity impact men's mental health?,"Societal expectations around masculinity can discourage men from seeking help for mental health issues, emphasizing the need to redefine and destigmatize help-seeking."
What role does self-compassion play in maintaining mental health?,Self-compassion involves treating oneself with kindness; cultivating self-compassion can enhance resilience and contribute to better mental health outcomes.
How do adverse childhood experiences influence mental health in adulthood?,"Adverse childhood experiences can increase the risk of mental health issues in adulthood, emphasizing the importance of trauma-informed care and prevention."
Can creativity and artistic expression positively impact mental health?,"Engaging in creative activities and artistic expression can provide a therapeutic outlet, promoting emotional well-being and self-discovery."
"How does the digital age impact mental health, especially among the youth?","The digital age can contribute to mental health challenges, with factors like social media use and cyberbullying influencing well-being, especially among the youth."
What is the role of empathy in mental health care?,"Empathy fosters understanding and connection, enhancing mental health care by promoting trust, validation, and a supportive therapeutic relationship."
How does the fear of judgment affect individuals seeking mental health support?,"Fear of judgment can deter individuals from seeking mental health support; reducing stigma and creating safe, non-judgmental spaces is crucial."
Can a lack of emotional intelligence impact mental health?,"Emotional intelligence, the ability to understand and manage emotions, is linked to mental well-being; enhancing emotional intelligence can contribute to better mental health outcomes."
How does gratitude practice contribute to mental health?,"Practicing gratitude has been associated with improved mood and well-being, highlighting its positive impact on mental health."
What is the relationship between personality and resilience in mental health?,"Certain personality traits, such as optimism and adaptability, contribute to resilience, influencing how individuals cope with and overcome mental health challenges."
How can online mental health resources support individuals in need?,"Online mental health resources provide accessible information, support, and interventions, expanding the reach of mental health care to a broader audience."
What is the impact of early childhood attachment on mental health later in life?,"Early childhood attachment experiences can influence emotional regulation and relationship patterns, shaping mental health outcomes in adulthood."
How does discrimination based on sexual orientation affect mental health?,"Discrimination based on sexual orientation can contribute to mental health disparities, highlighting the importance of promoting inclusivity and acceptance."
Can pets serve as emotional support for individuals with mental health conditions?,"Pets can provide companionship, reduce stress, and offer emotional support, contributing to improved mental well-being for individuals with mental health conditions."
How do coping mechanisms develop in response to stress and impact mental health?,Coping mechanisms develop as adaptive responses to stress; understanding and cultivating healthy coping strategies can positively influence mental health outcomes.
Can a lack of access to nature negatively impact mental health?,"Limited access to nature can contribute to stress and diminished mental well-being, emphasizing the importance of incorporating nature into daily life."
What is the role of medication in treating mental health conditions?,"Medication, such as antidepressants or mood stabilizers, may be prescribed to manage symptoms of mental health conditions, often in conjunction with therapy."
How does the portrayal of mental health in media influence public perception?,"Media depictions can shape public perceptions of mental health; accurate, nuanced portrayals help combat stigma and promote understanding."
Can unresolved trauma impact relationships and mental health?,Unresolved trauma can impact relationships and mental health; addressing trauma through therapy supports healing and improves relational well-being.
How does the experience of chronic illness impact mental health?,"Chronic illness can contribute to mental health challenges, emphasizing the need for holistic care addressing both physical and mental well-being."
What is the relationship between spirituality and mental health?,"Spirituality may provide a source of support and meaning, influencing mental health outcomes; integrating spiritual practices can be part of holistic well-being."
How does social comparison contribute to mental health challenges?,"Social comparison, comparing oneself to others, can lead to feelings of inadequacy or low self-esteem, impacting mental health."
What is the impact of chronic stress on the brain and mental health?,"Chronic stress can affect the structure and function of the brain, contributing to mental health issues such as anxiety and depression."
How can cultural competence enhance mental health care?,"Cultural competence involves understanding and respecting diverse cultural backgrounds, improving the effectiveness of mental health care."
What role do sleep hygiene practices play in promoting mental health?,"Sleep hygiene practices, including a consistent sleep schedule and a comfortable sleep environment, contribute to better mental health by ensuring quality sleep."
Can journaling be a beneficial practice for mental health?,"Journaling allows individuals to express emotions, gain insights, and track patterns, promoting self-reflection and supporting mental well-being."
What is the impact of positive affirmations on mental health?,"Positive affirmations can enhance self-esteem and foster a positive mindset, contributing to improved mental well-being."
How does the lack of social support impact mental health outcomes?,"The absence of social support can contribute to feelings of isolation and worsen mental health outcomes, emphasizing the importance of a supportive network."
What is the role of psychoeducation in mental health treatment?,"Psychoeducation involves providing information and resources about mental health, empowering individuals to understand and manage their conditions."
Can a sense of purpose contribute to mental health resilience?,"A sense of purpose in life is associated with mental health resilience, providing motivation and a source of meaning during challenging times."
How does the environment influence the effectiveness of mental health interventions?,"Creating a supportive and safe environment enhances the effectiveness of mental health interventions, facilitating healing and recovery."
What impact can climate change have on mental health?,"Climate change can contribute to mental health challenges through factors like extreme weather events, displacement, and environmental stressors."
How do societal expectations of beauty and body image affect mental health?,"Societal pressures related to beauty standards and body image can contribute to body dissatisfaction and mental health issues, particularly in vulnerable populations."
Can volunteering in mental health advocacy promote community well-being?,"Volunteering in mental health advocacy efforts can raise awareness, reduce stigma, and contribute to overall community well-being."

